record_id,run_id,action_ap_round,raw_ap_at_action_round,teacher_policy,teacher_model,label_kind,source_csv,source_sha256,n_clients,max_cpu,second_highest_cpu,cpu_spread,frac_non_iid,frac_new_data,has_delay_clients,workload,prev_cs,prev_mc,prev_hdh,rs_cs_on,rs_mc_on,rs_hdh_on,round_idx,rounds_remaining,val_f1,total_round_time,train_mean,train_min,train_max,comm_mean,comm_min,comm_max,jsd,f1_over_time,comm_frac,d_f1,d_total_time,d_train_mean,d_comm_mean,d_jsd,f1_mean,f1_last3,f1_last5,f1_slope,traintime_mean,traintime_last3,traintime_last5,traintime_slope,commtime_mean,commtime_last3,commtime_last5,commtime_slope,totaltime_mean,totaltime_last3,totaltime_last5,totaltime_slope,y_cs_applied,y_mc_applied,y_hdh_applied
r1_d1,fashionmnist__cnn16k/few-shot deepseek/r1,2,"{OFF,OFF,OFF,OFF,OFF,OFF}",Single AI-Agent (Few-Shot),deepseek-r1:8b,direct_archived_behavior,agentic-paper-archive/fashionmnist__cnn16k/few-shot-deepseek/r1.csv,22792a2d3e389921cf848cd0d099225e7bcd602a7ae7391752670a03c22d57c5,5,5,5,2,0.6,0.6,ON,FashionMNIST__CNN_16k,OFF,OFF,OFF,,,,1,9,,,,,,,,,,,,,,,,,0.7125,0.7125,0.7125,0.0,32.358,33.17666666666667,32.358,4.762500000000001,33.45,47.056666666666665,33.45,4.0275,95.89,95.89,95.89,0.0,OFF,OFF,OFF
r1_d2,fashionmnist__cnn16k/few-shot deepseek/r1,3,"{OFF,OFF,OFF,OFF,OFF,OFF}",Single AI-Agent (Few-Shot),deepseek-r1:8b,direct_archived_behavior,agentic-paper-archive/fashionmnist__cnn16k/few-shot-deepseek/r1.csv,22792a2d3e389921cf848cd0d099225e7bcd602a7ae7391752670a03c22d57c5,5,5,5,2,0.6,0.6,ON,FashionMNIST__CNN_16k,OFF,OFF,OFF,,,,2,8,0.7125,95.89,32.358,17.35,63.96,33.45,12.97,60.12,0.0,0.007430388987381375,0.3488372093023256,,,,,,0.7125,0.7125,0.7125,0.0,32.358,33.17666666666667,32.358,4.762500000000001,33.45,47.056666666666665,33.45,4.0275,95.89,95.89,95.89,0.0,OFF,OFF,OFF
r1_d3,fashionmnist__cnn16k/few-shot deepseek/r1,4,"{OFF,OFF,OFF,OFF,OFF,OFF}",Single AI-Agent (Few-Shot),deepseek-r1:8b,direct_archived_behavior,agentic-paper-archive/fashionmnist__cnn16k/few-shot-deepseek/r1.csv,22792a2d3e389921cf848cd0d099225e7bcd602a7ae7391752670a03c22d57c5,5,5,5,2,0.6,0.6,ON,FashionMNIST__CNN_16k,OFF,OFF,OFF,,,,3,7,0.7804,112.07,50.378,32.19,80.66,28.618000000000002,12.8,47.7,0.0,0.006963504952261979,0.2553582582314625,0.06789999999999996,16.179999999999993,18.020000000000003,-4.832000000000001,0.0,0.7464500000000001,0.7464500000000001,0.7464500000000001,0.06789999999999996,41.367999999999995,49.696666666666665,50.378,3.9722222222222223,31.034,39.160000000000004,28.618000000000002,1.732222222222222,103.97999999999999,103.97999999999999,103.97999999999999,16.179999999999993,OFF,OFF,OFF
r1_d4,fashionmnist__cnn16k/few-shot deepseek/r1,5,"{OFF,OFF,OFF,OFF,OFF,OFF}",Single AI-Agent (Few-Shot),deepseek-r1:8b,direct_archived_behavior,agentic-paper-archive/fashionmnist__cnn16k/few-shot-deepseek/r1.csv,22792a2d3e389921cf848cd0d099225e7bcd602a7ae7391752670a03c22d57c5,5,5,5,2,0.6,0.6,ON,FashionMNIST__CNN_16k,OFF,OFF,OFF,,,,4,6,0.7829,130.71,70.252,49.4,100.09,22.997999999999998,13.33,37.87,0.0,0.005989595287277178,0.17594675235253612,0.0025000000000000577,18.640000000000015,19.873999999999995,-5.6200000000000045,0.0,0.7586,0.7586,0.7586,0.03520000000000001,50.995999999999995,68.42333333333333,70.252,3.9414285714285717,28.35533333333333,28.75333333333333,22.997999999999998,1.070714285714286,112.88999999999999,112.88999999999999,112.88999999999999,17.410000000000004,OFF,OFF,OFF
r1_d5,fashionmnist__cnn16k/few-shot deepseek/r1,6,"{OFF,OFF,OFF,OFF,OFF,OFF}",Single AI-Agent (Few-Shot),deepseek-r1:8b,direct_archived_behavior,agentic-paper-archive/fashionmnist__cnn16k/few-shot-deepseek/r1.csv,22792a2d3e389921cf848cd0d099225e7bcd602a7ae7391752670a03c22d57c5,5,5,5,2,0.6,0.6,ON,FashionMNIST__CNN_16k,OFF,OFF,OFF,,,,5,5,0.7956,146.9,84.968,63.71,116.36,32.086,13.27,64.89,0.0,0.005415929203539823,0.21842069434989786,0.012699999999999934,16.189999999999998,14.716000000000008,9.088000000000001,0.0,0.76785,0.7862999999999999,0.76785,0.027699999999999985,59.489,84.71333333333332,84.968,3.7605263157894737,29.288,40.663333333333334,32.086,0.7836842105263159,121.39249999999998,129.89333333333335,121.39249999999998,17.003333333333334,OFF,OFF,OFF
r1_d6,fashionmnist__cnn16k/few-shot deepseek/r1,7,"{OFF,OFF,ON,OFF,OFF,OFF}",Single AI-Agent (Few-Shot),deepseek-r1:8b,direct_archived_behavior,agentic-paper-archive/fashionmnist__cnn16k/few-shot-deepseek/r1.csv,22792a2d3e389921cf848cd0d099225e7bcd602a7ae7391752670a03c22d57c5,5,5,5,2,0.6,0.6,ON,FashionMNIST__CNN_16k,OFF,OFF,OFF,,,,6,4,0.8111,172.67,110.63200000000002,89.64,142.46,35.154,13.91,66.33,0.0,0.0046973996640991495,0.20359066427289052,0.01550000000000007,25.769999999999982,25.664000000000016,3.068000000000005,0.0,0.7765000000000001,0.7965333333333334,0.7765000000000001,0.024650000000000005,69.7176,111.18333333333332,110.63200000000002,4.064583333333334,30.461200000000005,44.22,35.154,0.6083333333333334,131.64799999999997,150.09333333333333,131.64799999999997,19.194999999999997,OFF,ON,OFF
r1_d7,fashionmnist__cnn16k/few-shot deepseek/r1,8,"{OFF,OFF,OFF,OFF,OFF,OFF}",Single AI-Agent (Few-Shot),deepseek-r1:8b,direct_archived_behavior,agentic-paper-archive/fashionmnist__cnn16k/few-shot-deepseek/r1.csv,22792a2d3e389921cf848cd0d099225e7bcd602a7ae7391752670a03c22d57c5,5,5,5,2,0.6,0.6,ON,FashionMNIST__CNN_16k,OFF,ON,OFF,,0,,7,3,0.8092,183.41,121.232,98.37,155.67,38.068,13.11,62.77,0.0,0.0044119731748541524,0.20755683986696472,-0.0019000000000000128,10.740000000000009,10.59999999999998,2.9139999999999944,0.0,0.78195,0.8053,0.79584,0.019340000000000003,78.30333333333333,117.99333333333334,121.232,3.819310344827586,31.729,48.47666666666667,38.068,0.410344827586207,140.27499999999998,167.66,149.152,17.503999999999998,OFF,OFF,OFF
r1_d8,fashionmnist__cnn16k/few-shot deepseek/r1,9,"{OFF,OFF,ON,OFF,OFF,OFF}",Single AI-Agent (Few-Shot),deepseek-r1:8b,direct_archived_behavior,agentic-paper-archive/fashionmnist__cnn16k/few-shot-deepseek/r1.csv,22792a2d3e389921cf848cd0d099225e7bcd602a7ae7391752670a03c22d57c5,5,5,5,2,0.6,0.6,ON,FashionMNIST__CNN_16k,OFF,OFF,OFF,,1,,8,2,0.8197,220.74,146.35399999999998,126.13,174.21,38.032,16.77,66.04,0.0,0.003713418501404367,0.17229319561475037,0.010499999999999954,37.33000000000001,25.121999999999986,-0.036000000000001364,0.0,0.7873428571428571,0.8133333333333334,0.8037000000000001,0.01786666666666666,88.02485714285714,146.52,146.35399999999998,3.8029411764705885,32.62942857142856,44.61333333333334,38.032,0.4108823529411764,151.76999999999998,192.2733333333333,170.886,20.808333333333334,OFF,ON,OFF
r1_d9,fashionmnist__cnn16k/few-shot deepseek/r1,10,"{OFF,OFF,ON,OFF,OFF,OFF}",Single AI-Agent (Few-Shot),deepseek-r1:8b,direct_archived_behavior,agentic-paper-archive/fashionmnist__cnn16k/few-shot-deepseek/r1.csv,22792a2d3e389921cf848cd0d099225e7bcd602a7ae7391752670a03c22d57c5,5,5,5,2,0.6,0.6,ON,FashionMNIST__CNN_16k,OFF,ON,OFF,,0,,9,1,0.8313,233.5,162.15,148.09,180.75,46.26,21.15,74.57,0.0,0.0035601713062098504,0.1981156316916488,0.011600000000000055,12.759999999999991,15.79600000000002,8.228000000000002,0.0,0.7928375,0.8200666666666666,0.8133800000000001,0.016971428571428575,97.29050000000001,160.63666666666668,162.15,3.4366666666666665,34.33325,57.17333333333334,46.26,0.4433333333333333,161.98624999999998,212.54999999999998,191.44400000000002,19.65857142857143,OFF,ON,OFF
r2_d1,fashionmnist__cnn16k/few-shot deepseek/r2,2,"{OFF,OFF,OFF,OFF,OFF,OFF}",Single AI-Agent (Few-Shot),deepseek-r1:8b,direct_archived_behavior,agentic-paper-archive/fashionmnist__cnn16k/few-shot-deepseek/r2.csv,44efe653198b5c1f2fdbd734c85f220b55a58813b0ddd393be9b794a2bdc795f,5,5,5,2,0.6,0.6,ON,FashionMNIST__CNN_16k,OFF,OFF,OFF,,,,1,9,,,,,,,,,,,,,,,,,0.7259,0.7259,0.7259,0.0,30.918,31.833333333333332,30.918,5.432499999999999,21.940000000000005,28.679999999999996,21.940000000000005,4.095,96.31,96.31,96.31,0.0,OFF,OFF,OFF
r2_d2,fashionmnist__cnn16k/few-shot deepseek/r2,3,"{OFF,OFF,OFF,OFF,OFF,OFF}",Single AI-Agent (Few-Shot),deepseek-r1:8b,direct_archived_behavior,agentic-paper-archive/fashionmnist__cnn16k/few-shot-deepseek/r2.csv,44efe653198b5c1f2fdbd734c85f220b55a58813b0ddd393be9b794a2bdc795f,5,5,5,2,0.6,0.6,ON,FashionMNIST__CNN_16k,OFF,OFF,OFF,,,,2,8,0.7259,96.31,30.918,15.57,63.54,21.940000000000005,9.64,42.6,0.0,0.007537119717578652,0.22780604298619048,,,,,,0.7259,0.7259,0.7259,0.0,30.918,31.833333333333332,30.918,5.432499999999999,21.940000000000005,28.679999999999996,21.940000000000005,4.095,96.31,96.31,96.31,0.0,OFF,OFF,OFF
r2_d3,fashionmnist__cnn16k/few-shot deepseek/r2,4,"{OFF,OFF,OFF,OFF,OFF,OFF}",Single AI-Agent (Few-Shot),deepseek-r1:8b,direct_archived_behavior,agentic-paper-archive/fashionmnist__cnn16k/few-shot-deepseek/r2.csv,44efe653198b5c1f2fdbd734c85f220b55a58813b0ddd393be9b794a2bdc795f,5,5,5,2,0.6,0.6,ON,FashionMNIST__CNN_16k,OFF,OFF,OFF,,,,3,7,0.7392,116.09,51.63199999999999,33.71,84.69,32.88,13.93,58.95,0.0,0.0063674735119303985,0.28322852958911193,0.013299999999999979,19.78,20.71399999999999,10.939999999999998,0.0,0.73255,0.73255,0.73255,0.013299999999999979,41.27499999999999,52.80666666666667,51.63199999999999,4.764444444444444,27.410000000000004,44.623333333333335,32.88,1.6622222222222223,106.2,106.2,106.2,19.78,OFF,OFF,OFF
r2_d4,fashionmnist__cnn16k/few-shot deepseek/r2,5,"{OFF,OFF,OFF,OFF,OFF,OFF}",Single AI-Agent (Few-Shot),deepseek-r1:8b,direct_archived_behavior,agentic-paper-archive/fashionmnist__cnn16k/few-shot-deepseek/r2.csv,44efe653198b5c1f2fdbd734c85f220b55a58813b0ddd393be9b794a2bdc795f,5,5,5,2,0.6,0.6,ON,FashionMNIST__CNN_16k,OFF,OFF,OFF,,,,4,6,0.8079,134.94,69.42,51.3,103.59,35.622,12.41,68.42,0.0,0.0059871053801689635,0.263983992885727,0.06869999999999998,18.849999999999994,17.78800000000001,2.7419999999999973,0.0,0.7576666666666667,0.7576666666666667,0.7576666666666667,0.04099999999999998,50.65666666666666,69.08,69.42,4.412857142857143,30.147333333333336,48.903333333333336,35.622,1.070714285714286,115.78000000000002,115.78000000000002,115.78000000000002,19.314999999999998,OFF,OFF,OFF
r2_d5,fashionmnist__cnn16k/few-shot deepseek/r2,6,"{OFF,OFF,OFF,OFF,OFF,OFF}",Single AI-Agent (Few-Shot),deepseek-r1:8b,direct_archived_behavior,agentic-paper-archive/fashionmnist__cnn16k/few-shot-deepseek/r2.csv,44efe653198b5c1f2fdbd734c85f220b55a58813b0ddd393be9b794a2bdc795f,5,5,5,2,0.6,0.6,ON,FashionMNIST__CNN_16k,OFF,OFF,OFF,,,,5,5,0.7916,155.81,88.706,68.61,122.33,40.14,14.12,71.26,0.0,0.005080546819844683,0.25762146203709646,-0.01629999999999998,20.870000000000005,19.286,4.518000000000001,0.0,0.76615,0.7795666666666666,0.76615,0.021899999999999992,60.169,89.44999999999999,88.706,4.237894736842105,32.6455,52.86000000000001,40.14,0.7521052631578947,125.78750000000001,135.61333333333334,125.78750000000001,19.833333333333332,OFF,OFF,OFF
r2_d6,fashionmnist__cnn16k/few-shot deepseek/r2,7,"{OFF,OFF,OFF,OFF,OFF,OFF}",Single AI-Agent (Few-Shot),deepseek-r1:8b,direct_archived_behavior,agentic-paper-archive/fashionmnist__cnn16k/few-shot-deepseek/r2.csv,44efe653198b5c1f2fdbd734c85f220b55a58813b0ddd393be9b794a2bdc795f,5,5,5,2,0.6,0.6,ON,FashionMNIST__CNN_16k,OFF,OFF,OFF,,,,6,4,0.8052,171.54,108.93999999999998,88.97,141.53,36.236000000000004,14.21,74.95,0.0,0.004693948933193424,0.21123936108196342,0.013600000000000056,15.72999999999999,20.23399999999998,-3.9039999999999964,0.0,0.77396,0.8015666666666666,0.77396,0.01982500000000001,69.9232,108.08666666666666,108.93999999999998,4.155,33.363600000000005,47.04333333333333,36.236000000000004,0.56625,134.93800000000002,154.09666666666666,134.93800000000002,18.807499999999997,OFF,OFF,OFF
r2_d7,fashionmnist__cnn16k/few-shot deepseek/r2,8,"{OFF,OFF,OFF,OFF,OFF,OFF}",Single AI-Agent (Few-Shot),deepseek-r1:8b,direct_archived_behavior,agentic-paper-archive/fashionmnist__cnn16k/few-shot-deepseek/r2.csv,44efe653198b5c1f2fdbd734c85f220b55a58813b0ddd393be9b794a2bdc795f,5,5,5,2,0.6,0.6,ON,FashionMNIST__CNN_16k,OFF,OFF,OFF,,,,7,3,0.8144,190.31,128.578,104.21,160.66,34.804,13.46,49.07,0.0,0.004279333718669539,0.18288056329147181,0.009199999999999986,18.77000000000001,19.63800000000002,-1.4320000000000022,0.0,0.7807000000000001,0.8037333333333333,0.79166,0.017700000000000004,79.699,126.23666666666668,128.578,4.098275862068966,33.603666666666676,41.78333333333333,34.804,0.45689655172413796,144.16666666666666,172.55333333333337,153.738,18.8,OFF,OFF,OFF
r2_d8,fashionmnist__cnn16k/few-shot deepseek/r2,9,"{OFF,OFF,OFF,OFF,OFF,OFF}",Single AI-Agent (Few-Shot),deepseek-r1:8b,direct_archived_behavior,agentic-paper-archive/fashionmnist__cnn16k/few-shot-deepseek/r2.csv,44efe653198b5c1f2fdbd734c85f220b55a58813b0ddd393be9b794a2bdc795f,5,5,5,2,0.6,0.6,ON,FashionMNIST__CNN_16k,OFF,OFF,OFF,,,,8,2,0.822,200.44,143.328,122.04,167.64,37.007999999999996,14.73,63.43,0.0,0.004100977848732788,0.18463380562761922,0.00759999999999994,10.129999999999995,14.75,2.2039999999999935,0.0,0.7866000000000001,0.8138666666666667,0.80822,0.01601666666666666,88.78885714285714,138.24666666666667,143.328,3.700882352941176,34.09000000000001,47.419999999999995,37.007999999999996,0.42705882352941177,152.2057142857143,187.42999999999998,170.608,17.355,OFF,OFF,OFF
r2_d9,fashionmnist__cnn16k/few-shot deepseek/r2,10,"{OFF,OFF,OFF,OFF,OFF,OFF}",Single AI-Agent (Few-Shot),deepseek-r1:8b,direct_archived_behavior,agentic-paper-archive/fashionmnist__cnn16k/few-shot-deepseek/r2.csv,44efe653198b5c1f2fdbd734c85f220b55a58813b0ddd393be9b794a2bdc795f,5,5,5,2,0.6,0.6,ON,FashionMNIST__CNN_16k,OFF,OFF,OFF,,,,9,1,0.7998,217.39,163.632,143.81,182.93,36.748,24.13,46.0,0.0,0.003679102074612448,0.1690418142508855,-0.022199999999999998,16.94999999999999,20.304000000000002,-0.259999999999998,0.0,0.7882500000000001,0.8120666666666666,0.8066000000000001,0.010557142857142852,98.14424999999999,162.4,163.632,3.6184615384615384,34.422250000000005,40.016666666666666,36.748,0.45974358974358975,160.35375,202.71333333333334,187.098,17.297142857142855,OFF,OFF,OFF
r3_d1,fashionmnist__cnn16k/few-shot deepseek/r3,2,"{OFF,OFF,OFF,OFF,OFF,OFF}",Single AI-Agent (Few-Shot),deepseek-r1:8b,direct_archived_behavior,agentic-paper-archive/fashionmnist__cnn16k/few-shot-deepseek/r3.csv,41c0703065592d1b11802764b8fe45404c802ca25ec085fda229a1ee15da098a,5,5,5,2,0.6,0.6,ON,FashionMNIST__CNN_16k,OFF,OFF,OFF,,,,1,9,,,,,,,,,,,,,,,,,0.6636,0.6636,0.6636,0.0,30.157999999999998,30.42,30.157999999999998,4.635000000000002,24.145999999999997,32.79,24.145999999999997,3.7450000000000006,91.07,91.07,91.07,0.0,OFF,OFF,OFF
r3_d2,fashionmnist__cnn16k/few-shot deepseek/r3,3,"{OFF,OFF,OFF,OFF,OFF,ON}",Single AI-Agent (Few-Shot),deepseek-r1:8b,direct_archived_behavior,agentic-paper-archive/fashionmnist__cnn16k/few-shot-deepseek/r3.csv,41c0703065592d1b11802764b8fe45404c802ca25ec085fda229a1ee15da098a,5,5,5,2,0.6,0.6,ON,FashionMNIST__CNN_16k,OFF,OFF,OFF,,,,2,8,0.6636,91.07,30.157999999999998,14.38,59.77,24.145999999999997,8.74,48.15,0.0,0.007286702536510377,0.26513670802679257,,,,,,0.6636,0.6636,0.6636,0.0,30.157999999999998,30.42,30.157999999999998,4.635000000000002,24.145999999999997,32.79,24.145999999999997,3.7450000000000006,91.07,91.07,91.07,0.0,OFF,OFF,ON
r3_d3,fashionmnist__cnn16k/few-shot deepseek/r3,4,"{OFF,OFF,OFF,OFF,OFF,OFF}",Single AI-Agent (Few-Shot),deepseek-r1:8b,direct_archived_behavior,agentic-paper-archive/fashionmnist__cnn16k/few-shot-deepseek/r3.csv,41c0703065592d1b11802764b8fe45404c802ca25ec085fda229a1ee15da098a,5,5,5,2,0.6,0.6,ON,FashionMNIST__CNN_16k,OFF,OFF,ON,,,0,3,7,0.7582,109.46,49.416000000000004,30.76,79.12,35.800000000000004,14.01,68.12,0.0,0.006926731226018637,0.32706011328339124,0.09460000000000002,18.39,19.258000000000006,11.654000000000007,0.0,0.7109,0.7109,0.7109,0.09460000000000002,39.787,49.873333333333335,49.416000000000004,4.210000000000001,29.972999999999995,49.56333333333333,35.800000000000004,1.5655555555555558,100.26499999999999,100.26499999999999,100.26499999999999,18.39,OFF,OFF,OFF
r3_d4,fashionmnist__cnn16k/few-shot deepseek/r3,5,"{OFF,OFF,OFF,OFF,OFF,ON}",Single AI-Agent (Few-Shot),deepseek-r1:8b,direct_archived_behavior,agentic-paper-archive/fashionmnist__cnn16k/few-shot-deepseek/r3.csv,41c0703065592d1b11802764b8fe45404c802ca25ec085fda229a1ee15da098a,5,5,5,2,0.6,0.6,ON,FashionMNIST__CNN_16k,OFF,OFF,OFF,,,1,4,6,0.7844,421.48,94.85,13.14,269.76,32.576,3.48,67.41,0.0,0.0018610610230615924,0.07728955110562778,0.0262,312.02000000000004,45.43399999999999,-3.2240000000000038,0.0,0.7353999999999999,0.7353999999999999,0.7353999999999999,0.06040000000000001,58.141333333333336,144.87666666666667,94.85,16.32357142857143,30.84066666666666,50.923333333333325,32.576,2.2707142857142855,207.33666666666667,207.33666666666667,207.33666666666667,165.205,OFF,OFF,ON
r3_d5,fashionmnist__cnn16k/few-shot deepseek/r3,6,"{OFF,OFF,OFF,OFF,OFF,OFF}",Single AI-Agent (Few-Shot),deepseek-r1:8b,direct_archived_behavior,agentic-paper-archive/fashionmnist__cnn16k/few-shot-deepseek/r3.csv,41c0703065592d1b11802764b8fe45404c802ca25ec085fda229a1ee15da098a,5,5,5,2,0.6,0.6,ON,FashionMNIST__CNN_16k,OFF,OFF,ON,,,0,5,5,0.8033,159.37,91.296,69.96,125.48,37.989999999999995,13.82,79.04,0.0,0.005040471857940642,0.23837610591704833,0.018900000000000028,-262.11,-3.553999999999988,5.413999999999994,0.0,0.752375,0.7819666666666666,0.752375,0.04656666666666668,66.43,91.33666666666666,91.296,4.434210526315789,32.62799999999999,48.64333333333334,37.989999999999995,0.9152631578947369,195.345,230.10333333333335,195.345,22.76666666666667,OFF,OFF,OFF
r3_d6,fashionmnist__cnn16k/few-shot deepseek/r3,7,"{OFF,OFF,OFF,OFF,OFF,OFF}",Single AI-Agent (Few-Shot),deepseek-r1:8b,direct_archived_behavior,agentic-paper-archive/fashionmnist__cnn16k/few-shot-deepseek/r3.csv,41c0703065592d1b11802764b8fe45404c802ca25ec085fda229a1ee15da098a,5,5,5,2,0.6,0.6,ON,FashionMNIST__CNN_16k,OFF,OFF,OFF,,,1,6,4,0.8118,176.27,108.46399999999998,86.85,140.3,36.356,14.7,73.81,0.0,0.0046054348442729895,0.2062517728484711,0.008499999999999952,16.900000000000006,17.167999999999978,-1.6339999999999932,0.0,0.7642599999999999,0.7998333333333333,0.7642599999999999,0.03705,74.8368,107.08,108.46399999999998,4.127916666666668,33.373599999999996,45.50666666666667,36.356,0.5783333333333334,191.53,252.37333333333333,191.53,21.300000000000004,OFF,OFF,OFF
r3_d7,fashionmnist__cnn16k/few-shot deepseek/r3,8,"{OFF,OFF,OFF,OFF,OFF,OFF}",Single AI-Agent (Few-Shot),deepseek-r1:8b,direct_archived_behavior,agentic-paper-archive/fashionmnist__cnn16k/few-shot-deepseek/r3.csv,41c0703065592d1b11802764b8fe45404c802ca25ec085fda229a1ee15da098a,5,5,5,2,0.6,0.6,ON,FashionMNIST__CNN_16k,OFF,OFF,OFF,,,2,7,3,0.8389,190.45,127.144,108.77,158.58,36.61,14.21,67.02,0.0,0.00440483066421633,0.19222893147807824,0.027100000000000013,14.179999999999978,18.68000000000002,0.2539999999999978,0.0,0.7767,0.818,0.79932,0.03506,83.55466666666665,125.52333333333335,127.144,4.046551724137932,33.913,44.849999999999994,36.61,0.47448275862068967,191.35,175.36333333333332,211.406,19.875999999999998,OFF,OFF,OFF
r3_d8,fashionmnist__cnn16k/few-shot deepseek/r3,9,"{OFF,OFF,OFF,OFF,OFF,OFF}",Single AI-Agent (Few-Shot),deepseek-r1:8b,direct_archived_behavior,agentic-paper-archive/fashionmnist__cnn16k/few-shot-deepseek/r3.csv,41c0703065592d1b11802764b8fe45404c802ca25ec085fda229a1ee15da098a,5,5,5,2,0.6,0.6,ON,FashionMNIST__CNN_16k,OFF,OFF,OFF,,,3,8,2,0.821,220.15,140.36,114.06,165.3,43.99,14.11,80.07,0.0,0.003729275493981376,0.19981830570065864,-0.017900000000000027,29.700000000000017,13.216000000000008,7.380000000000003,0.0,0.7830285714285713,0.8239000000000001,0.8118799999999998,0.02623333333333333,91.66971428571428,133.9466666666667,140.36,3.582058823529412,35.35257142857142,59.41,43.99,0.42,195.46428571428572,195.62333333333333,233.544,21.513333333333335,OFF,OFF,OFF
r3_d9,fashionmnist__cnn16k/few-shot deepseek/r3,10,"{OFF,OFF,OFF,OFF,OFF,OFF}",Single AI-Agent (Few-Shot),deepseek-r1:8b,direct_archived_behavior,agentic-paper-archive/fashionmnist__cnn16k/few-shot-deepseek/r3.csv,41c0703065592d1b11802764b8fe45404c802ca25ec085fda229a1ee15da098a,5,5,5,2,0.6,0.6,ON,FashionMNIST__CNN_16k,OFF,OFF,OFF,,,4,9,1,0.8133,256.76,160.41400000000002,142.03,182.73,56.022000000000006,23.48,94.24,0.0,0.003167549462533105,0.21818819130705722,-0.007699999999999929,36.609999999999985,20.054000000000002,12.032000000000004,0.0,0.7868124999999999,0.8243999999999999,0.8176599999999998,0.021385714285714293,100.26275,160.00666666666666,160.41400000000002,3.628205128205128,37.93624999999999,69.62333333333333,56.022000000000006,0.42179487179487185,203.12625,222.45333333333335,200.59999999999997,23.669999999999998,OFF,OFF,OFF
r4_d1,fashionmnist__cnn16k/few-shot deepseek/r4,2,"{OFF,OFF,OFF,OFF,OFF,OFF}",Single AI-Agent (Few-Shot),deepseek-r1:8b,direct_archived_behavior,agentic-paper-archive/fashionmnist__cnn16k/few-shot-deepseek/r4.csv,b7a33fb37ef9b612afc77fe359add954cb130d160424f62d3270d46246c8016d,5,5,5,2,0.6,0.6,ON,FashionMNIST__CNN_16k,OFF,OFF,OFF,,,,1,9,,,,,,,,,,,,,,,,,0.7373,0.7373,0.7373,0.0,29.692,30.88,29.692,5.525,25.21,33.59666666666667,25.21,4.2275,95.26,95.26,95.26,0.0,OFF,OFF,OFF
r4_d2,fashionmnist__cnn16k/few-shot deepseek/r4,3,"{OFF,OFF,OFF,OFF,OFF,OFF}",Single AI-Agent (Few-Shot),deepseek-r1:8b,direct_archived_behavior,agentic-paper-archive/fashionmnist__cnn16k/few-shot-deepseek/r4.csv,b7a33fb37ef9b612afc77fe359add954cb130d160424f62d3270d46246c8016d,5,5,5,2,0.6,0.6,ON,FashionMNIST__CNN_16k,OFF,OFF,OFF,,,,2,8,0.7373,95.26,29.692,14.65,61.84,25.21,11.17,41.45,0.0,0.007739869829939113,0.26464413184967456,,,,,,0.7373,0.7373,0.7373,0.0,29.692,30.88,29.692,5.525,25.21,33.59666666666667,25.21,4.2275,95.26,95.26,95.26,0.0,OFF,OFF,OFF
r4_d3,fashionmnist__cnn16k/few-shot deepseek/r4,4,"{OFF,OFF,OFF,OFF,OFF,OFF}",Single AI-Agent (Few-Shot),deepseek-r1:8b,direct_archived_behavior,agentic-paper-archive/fashionmnist__cnn16k/few-shot-deepseek/r4.csv,b7a33fb37ef9b612afc77fe359add954cb130d160424f62d3270d46246c8016d,5,5,5,2,0.6,0.6,ON,FashionMNIST__CNN_16k,OFF,OFF,OFF,,,,3,7,0.7824,112.29,48.784000000000006,31.5,80.79,26.734,14.48,54.01,0.0,0.00696767298958055,0.23807997150235996,0.04510000000000003,17.03,19.092000000000006,1.524000000000001,0.0,0.7598499999999999,0.7598499999999999,0.7598499999999999,0.04510000000000003,39.238,49.48,48.784000000000006,4.561111111111112,25.971999999999998,34.28,26.734,1.647777777777778,103.775,103.775,103.775,17.03,OFF,OFF,OFF
r4_d4,fashionmnist__cnn16k/few-shot deepseek/r4,5,"{OFF,OFF,OFF,OFF,OFF,OFF}",Single AI-Agent (Few-Shot),deepseek-r1:8b,direct_archived_behavior,agentic-paper-archive/fashionmnist__cnn16k/few-shot-deepseek/r4.csv,b7a33fb37ef9b612afc77fe359add954cb130d160424f62d3270d46246c8016d,5,5,5,2,0.6,0.6,ON,FashionMNIST__CNN_16k,OFF,OFF,OFF,,,,4,6,0.7999,128.59,67.424,51.5,97.66,25.502000000000002,13.91,47.54,0.0,0.006220545921144724,0.1983202426316199,0.01750000000000007,16.299999999999997,18.64,-1.2319999999999993,0.0,0.7732,0.7732,0.7732,0.03130000000000005,48.63333333333333,67.91666666666667,67.424,4.137142857142857,25.815333333333335,32.5,25.502000000000002,1.03,112.04666666666667,112.04666666666667,112.04666666666667,16.665,OFF,OFF,OFF
r4_d5,fashionmnist__cnn16k/few-shot deepseek/r4,6,"{OFF,OFF,OFF,OFF,OFF,OFF}",Single AI-Agent (Few-Shot),deepseek-r1:8b,direct_archived_behavior,agentic-paper-archive/fashionmnist__cnn16k/few-shot-deepseek/r4.csv,b7a33fb37ef9b612afc77fe359add954cb130d160424f62d3270d46246c8016d,5,5,5,2,0.6,0.6,ON,FashionMNIST__CNN_16k,OFF,OFF,OFF,,,,5,5,0.7981,145.72,83.398,61.97,116.48,37.11,14.29,68.79,0.0,0.005476942080702718,0.25466648366730715,-0.0018000000000000238,17.129999999999995,15.97399999999999,11.607999999999997,0.0,0.779425,0.7934666666666667,0.779425,0.020266666666666693,57.3245,80.35000000000001,83.398,4.038947368421053,28.639,50.85333333333333,37.11,0.6689473684210526,120.465,128.86666666666667,120.465,16.819999999999997,OFF,OFF,OFF
r4_d6,fashionmnist__cnn16k/few-shot deepseek/r4,7,"{OFF,OFF,OFF,OFF,OFF,OFF}",Single AI-Agent (Few-Shot),deepseek-r1:8b,direct_archived_behavior,agentic-paper-archive/fashionmnist__cnn16k/few-shot-deepseek/r4.csv,b7a33fb37ef9b612afc77fe359add954cb130d160424f62d3270d46246c8016d,5,5,5,2,0.6,0.6,ON,FashionMNIST__CNN_16k,OFF,OFF,OFF,,,,6,4,0.8042,164.45,103.346,83.12,134.03,36.89,13.9,57.94,0.0,0.004890240194588022,0.22432350258437217,0.006099999999999994,18.72999999999999,19.948000000000008,-0.21999999999999886,0.0,0.78438,0.8007333333333334,0.78438,0.016725000000000018,66.5288,103.88999999999999,103.346,3.9287499999999995,30.2892,46.69,36.89,0.5795833333333333,129.262,146.25333333333333,129.262,17.297499999999996,OFF,OFF,OFF
r4_d7,fashionmnist__cnn16k/few-shot deepseek/r4,8,"{OFF,OFF,OFF,OFF,OFF,OFF}",Single AI-Agent (Few-Shot),deepseek-r1:8b,direct_archived_behavior,agentic-paper-archive/fashionmnist__cnn16k/few-shot-deepseek/r4.csv,b7a33fb37ef9b612afc77fe359add954cb130d160424f62d3270d46246c8016d,5,5,5,2,0.6,0.6,ON,FashionMNIST__CNN_16k,OFF,OFF,OFF,,,,7,3,0.8171,192.66,127.444,104.52,158.59,41.30799999999999,14.2,84.05,0.0,0.004241150212810132,0.21440880307277066,0.012900000000000023,28.210000000000008,24.098,4.417999999999992,0.0,0.7898333333333333,0.8064666666666667,0.8003399999999999,0.01596000000000002,76.68133333333334,126.36666666666667,127.444,4.098275862068966,32.12566666666667,53.48,41.30799999999999,0.4172413793103449,139.82833333333332,167.60999999999999,148.742,19.479999999999997,OFF,OFF,OFF
r4_d8,fashionmnist__cnn16k/few-shot deepseek/r4,9,"{OFF,OFF,OFF,OFF,OFF,OFF}",Single AI-Agent (Few-Shot),deepseek-r1:8b,direct_archived_behavior,agentic-paper-archive/fashionmnist__cnn16k/few-shot-deepseek/r4.csv,b7a33fb37ef9b612afc77fe359add954cb130d160424f62d3270d46246c8016d,5,5,5,2,0.6,0.6,ON,FashionMNIST__CNN_16k,OFF,OFF,OFF,,,,8,2,0.8123,212.84,138.714,116.54,168.85,38.970000000000006,14.46,66.16,0.0,0.00381648186431122,0.18309528284157117,-0.0048000000000000265,20.180000000000007,11.269999999999996,-2.3379999999999868,0.0,0.793042857142857,0.8112,0.80632,0.012500000000000011,85.54314285714287,139.92,138.714,3.79735294117647,33.10342857142858,49.43,38.970000000000006,0.39411764705882346,150.25857142857143,189.98333333333335,168.852,19.596666666666668,OFF,OFF,OFF
r4_d9,fashionmnist__cnn16k/few-shot deepseek/r4,10,"{OFF,OFF,OFF,OFF,OFF,OFF}",Single AI-Agent (Few-Shot),deepseek-r1:8b,direct_archived_behavior,agentic-paper-archive/fashionmnist__cnn16k/few-shot-deepseek/r4.csv,b7a33fb37ef9b612afc77fe359add954cb130d160424f62d3270d46246c8016d,5,5,5,2,0.6,0.6,ON,FashionMNIST__CNN_16k,OFF,OFF,OFF,,,,9,1,0.8553,238.82,159.914,144.94,179.53,50.902,20.57,86.75,0.0,0.0035813583451972195,0.2131396030483209,0.04299999999999993,25.97999999999999,21.19999999999999,11.931999999999995,0.0,0.8008249999999999,0.8282333333333334,0.8173999999999999,0.016857142857142855,94.83950000000002,156.33333333333334,159.914,3.5128205128205128,35.328250000000004,65.30333333333333,50.902,0.46102564102564103,161.32874999999999,214.7733333333333,190.898,20.50857142857143,OFF,OFF,OFF
r5_d1,fashionmnist__cnn16k/few-shot deepseek/r5,2,"{OFF,OFF,OFF,OFF,OFF,OFF}",Single AI-Agent (Few-Shot),deepseek-r1:8b,direct_archived_behavior,agentic-paper-archive/fashionmnist__cnn16k/few-shot-deepseek/r5.csv,2a346937957ce0b04bde24c0caf9551ca64f89d0df244becd1ba03948baa45bf,5,5,5,2,0.6,0.6,ON,FashionMNIST__CNN_16k,OFF,OFF,OFF,,,,1,9,,,,,,,,,,,,,,,,,0.7198,0.7198,0.7198,0.0,33.510000000000005,33.43666666666667,33.510000000000005,4.7875,24.744,32.14,24.744,4.1225,98.81,98.81,98.81,0.0,OFF,OFF,OFF
r5_d2,fashionmnist__cnn16k/few-shot deepseek/r5,3,"{OFF,OFF,OFF,OFF,OFF,OFF}",Single AI-Agent (Few-Shot),deepseek-r1:8b,direct_archived_behavior,agentic-paper-archive/fashionmnist__cnn16k/few-shot-deepseek/r5.csv,2a346937957ce0b04bde24c0caf9551ca64f89d0df244becd1ba03948baa45bf,5,5,5,2,0.6,0.6,ON,FashionMNIST__CNN_16k,OFF,OFF,OFF,,,,2,8,0.7198,98.81,33.510000000000005,15.22,66.58,24.744,13.21,49.5,0.0,0.007284687784637182,0.25041999797591336,,,,,,0.7198,0.7198,0.7198,0.0,33.510000000000005,33.43666666666667,33.510000000000005,4.7875,24.744,32.14,24.744,4.1225,98.81,98.81,98.81,0.0,OFF,OFF,OFF
r5_d3,fashionmnist__cnn16k/few-shot deepseek/r5,4,"{OFF,OFF,OFF,OFF,OFF,OFF}",Single AI-Agent (Few-Shot),deepseek-r1:8b,direct_archived_behavior,agentic-paper-archive/fashionmnist__cnn16k/few-shot-deepseek/r5.csv,2a346937957ce0b04bde24c0caf9551ca64f89d0df244becd1ba03948baa45bf,5,5,5,2,0.6,0.6,ON,FashionMNIST__CNN_16k,OFF,OFF,OFF,,,,3,7,0.7735,116.86,50.2,32.66,80.01,31.394,13.42,64.65,0.0,0.00661903131952764,0.2686462433681328,0.05369999999999997,18.049999999999997,16.689999999999998,6.649999999999999,0.0,0.74665,0.74665,0.74665,0.05369999999999997,41.855,49.82333333333333,50.2,3.6200000000000006,28.069,43.346666666666664,31.394,2.3455555555555554,107.83500000000001,107.83500000000001,107.83500000000001,18.049999999999997,OFF,OFF,OFF
r5_d4,fashionmnist__cnn16k/few-shot deepseek/r5,5,"{OFF,OFF,OFF,OFF,OFF,OFF}",Single AI-Agent (Few-Shot),deepseek-r1:8b,direct_archived_behavior,agentic-paper-archive/fashionmnist__cnn16k/few-shot-deepseek/r5.csv,2a346937957ce0b04bde24c0caf9551ca64f89d0df244becd1ba03948baa45bf,5,5,5,2,0.6,0.6,ON,FashionMNIST__CNN_16k,OFF,OFF,OFF,,,,4,6,0.7956,135.38,73.52,56.54,104.69,31.512,12.2,52.54,0.0,0.005876791254247304,0.23276702614861872,0.02210000000000001,18.519999999999996,23.319999999999993,0.1180000000000021,0.0,0.7629666666666667,0.7629666666666667,0.7629666666666667,0.03789999999999999,52.40999999999999,73.51,73.52,4.09,29.216666666666665,42.25,31.512,1.0714285714285714,117.01666666666667,117.01666666666667,117.01666666666667,18.284999999999997,OFF,OFF,OFF
r5_d5,fashionmnist__cnn16k/few-shot deepseek/r5,6,"{OFF,OFF,OFF,OFF,OFF,OFF}",Single AI-Agent (Few-Shot),deepseek-r1:8b,direct_archived_behavior,agentic-paper-archive/fashionmnist__cnn16k/few-shot-deepseek/r5.csv,2a346937957ce0b04bde24c0caf9551ca64f89d0df244becd1ba03948baa45bf,5,5,5,2,0.6,0.6,ON,FashionMNIST__CNN_16k,OFF,OFF,OFF,,,,5,5,0.8042,154.44,89.294,69.78,119.21,36.112,13.98,71.12,0.0,0.005207200207200207,0.23382543382543383,0.008600000000000052,19.060000000000002,15.774000000000001,4.600000000000001,0.0,0.7732749999999999,0.7911,0.7732749999999999,0.028133333333333344,61.63099999999999,90.07666666666667,89.294,3.7778947368421054,30.940500000000004,46.22,36.112,0.7110526315789473,126.3725,135.56,126.3725,18.543333333333333,OFF,OFF,OFF
r5_d6,fashionmnist__cnn16k/few-shot deepseek/r5,7,"{OFF,OFF,OFF,OFF,OFF,ON}",Single AI-Agent (Few-Shot),deepseek-r1:8b,direct_archived_behavior,agentic-paper-archive/fashionmnist__cnn16k/few-shot-deepseek/r5.csv,2a346937957ce0b04bde24c0caf9551ca64f89d0df244becd1ba03948baa45bf,5,5,5,2,0.6,0.6,ON,FashionMNIST__CNN_16k,OFF,OFF,OFF,,,,6,4,0.8108,178.06,109.67,89.89,143.79,39.3,13.14,74.23,0.0,0.004553521284960125,0.22071211951027742,0.006599999999999939,23.620000000000005,20.376000000000005,3.1879999999999953,0.0,0.7807799999999999,0.8035333333333333,0.7807799999999999,0.022749999999999992,71.2388,109.09666666666665,109.67,4.015,32.6124,49.21666666666667,39.3,0.6,136.70999999999998,155.96,136.70999999999998,19.8125,OFF,OFF,ON
r5_d7,fashionmnist__cnn16k/few-shot deepseek/r5,8,"{OFF,OFF,ON,OFF,OFF,OFF}",Single AI-Agent (Few-Shot),deepseek-r1:8b,direct_archived_behavior,agentic-paper-archive/fashionmnist__cnn16k/few-shot-deepseek/r5.csv,2a346937957ce0b04bde24c0caf9551ca64f89d0df244becd1ba03948baa45bf,5,5,5,2,0.6,0.6,ON,FashionMNIST__CNN_16k,OFF,OFF,ON,,,0,7,3,0.8043,207.3,134.642,110.74,167.34,41.066,13.79,87.11,0.0,0.003879884225759768,0.19809937288953208,-0.00649999999999995,29.24000000000001,24.971999999999994,1.7660000000000053,0.0,0.7847,0.8064333333333332,0.79768,0.016900000000000005,81.806,134.56333333333333,134.642,4.134827586206897,34.02133333333333,50.71,41.066,0.39137931034482754,148.475,179.9333333333333,158.408,21.698,OFF,ON,OFF
r5_d8,fashionmnist__cnn16k/few-shot deepseek/r5,9,"{OFF,OFF,OFF,OFF,OFF,ON}",Single AI-Agent (Few-Shot),deepseek-r1:8b,direct_archived_behavior,agentic-paper-archive/fashionmnist__cnn16k/few-shot-deepseek/r5.csv,2a346937957ce0b04bde24c0caf9551ca64f89d0df244becd1ba03948baa45bf,5,5,5,2,0.6,0.6,ON,FashionMNIST__CNN_16k,OFF,ON,OFF,,0,1,8,2,0.815,593.97,151.198,15.05,287.62,39.46,9.1,73.26,0.0,0.0013721231712039328,0.06643433170025421,0.010699999999999932,386.67,16.55600000000001,-1.6060000000000016,0.0,0.7890285714285713,0.8100333333333333,0.8059799999999999,0.015866666666666657,91.71914285714286,173.08,151.198,7.064411764705882,34.79828571428572,49.660000000000004,39.46,1.361470588235294,212.11714285714285,326.4433333333333,253.83,82.52666666666667,OFF,OFF,ON
r5_d9,fashionmnist__cnn16k/few-shot deepseek/r5,10,"{OFF,OFF,ON,OFF,OFF,OFF}",Single AI-Agent (Few-Shot),deepseek-r1:8b,direct_archived_behavior,agentic-paper-archive/fashionmnist__cnn16k/few-shot-deepseek/r5.csv,2a346937957ce0b04bde24c0caf9551ca64f89d0df244becd1ba03948baa45bf,5,5,5,2,0.6,0.6,ON,FashionMNIST__CNN_16k,OFF,OFF,ON,,1,0,9,1,0.8172,259.3,170.834,157.76,185.23,44.61,24.74,81.01,0.0,0.0031515618974161204,0.17204010798303124,0.0022000000000000908,-334.67,19.635999999999996,5.149999999999999,0.0,0.7925499999999999,0.8121666666666667,0.8103,0.013914285714285721,101.6085,167.39333333333335,170.834,3.4525641025641027,36.02475,54.67333333333334,44.61,0.5661538461538461,218.015,353.5233333333333,278.614,22.927142857142858,OFF,ON,OFF
r6_d1,fashionmnist__cnn16k/few-shot deepseek/r6,2,"{OFF,OFF,OFF,OFF,OFF,OFF}",Single AI-Agent (Few-Shot),deepseek-r1:8b,direct_archived_behavior,agentic-paper-archive/fashionmnist__cnn16k/few-shot-deepseek/r6.csv,09f6ba3051400e2c1f6104e3af2a2e3becb25017961a111d16bf9f0f02c4dc80,5,5,5,2,0.6,0.6,ON,FashionMNIST__CNN_16k,OFF,OFF,OFF,,,,1,9,,,,,,,,,,,,,,,,,0.7191,0.7191,0.7191,0.0,33.658,35.71,33.658,4.875,31.942,45.21333333333334,31.942,3.6725000000000003,93.18,93.18,93.18,0.0,OFF,OFF,OFF
r6_d2,fashionmnist__cnn16k/few-shot deepseek/r6,3,"{ON,OFF,OFF,OFF,OFF,ON}",Single AI-Agent (Few-Shot),deepseek-r1:8b,direct_archived_behavior,agentic-paper-archive/fashionmnist__cnn16k/few-shot-deepseek/r6.csv,09f6ba3051400e2c1f6104e3af2a2e3becb25017961a111d16bf9f0f02c4dc80,5,5,5,2,0.6,0.6,ON,FashionMNIST__CNN_16k,OFF,OFF,OFF,,,,2,8,0.7191,93.18,33.658,17.76,62.9,31.942,11.05,59.1,0.0,0.0077173213135866055,0.34279888388066104,,,,,,0.7191,0.7191,0.7191,0.0,33.658,35.71,33.658,4.875,31.942,45.21333333333334,31.942,3.6725000000000003,93.18,93.18,93.18,0.0,ON,OFF,ON
r6_d3,fashionmnist__cnn16k/few-shot deepseek/r6,4,"{OFF,OFF,OFF,OFF,OFF,OFF}",Single AI-Agent (Few-Shot),deepseek-r1:8b,direct_archived_behavior,agentic-paper-archive/fashionmnist__cnn16k/few-shot-deepseek/r6.csv,09f6ba3051400e2c1f6104e3af2a2e3becb25017961a111d16bf9f0f02c4dc80,5,5,5,2,0.6,0.6,ON,FashionMNIST__CNN_16k,ON,OFF,ON,0,,0,3,7,0.7464,106.32,50.116,34.07,79.15,30.170000000000005,13.28,57.53,0.0,0.007020316027088036,0.2837659894657638,0.02729999999999999,13.139999999999986,16.458,-1.771999999999995,0.0,0.73275,0.73275,0.73275,0.02729999999999999,41.887,49.42666666666667,50.116,3.972222222222223,31.056,40.733333333333334,30.170000000000005,1.2566666666666666,99.75,99.75,99.75,13.139999999999986,OFF,OFF,OFF
r6_d4,fashionmnist__cnn16k/few-shot deepseek/r6,5,"{OFF,OFF,OFF,OFF,OFF,OFF}",Single AI-Agent (Few-Shot),deepseek-r1:8b,direct_archived_behavior,agentic-paper-archive/fashionmnist__cnn16k/few-shot-deepseek/r6.csv,09f6ba3051400e2c1f6104e3af2a2e3becb25017961a111d16bf9f0f02c4dc80,5,5,5,2,0.6,0.6,ON,FashionMNIST__CNN_16k,OFF,OFF,OFF,1,,1,4,6,0.7228,369.35,51.21333333333333,15.64,81.89,21.540000000000003,3.29,54.22,0.0,0.001956951401110058,0.05831866793014756,-0.023599999999999954,263.03000000000003,1.0973333333333315,-8.630000000000003,0.0,0.7294333333333333,0.7294333333333333,0.7294333333333333,0.0018500000000000183,44.03923076923077,51.21333333333333,53.57000000000001,3.2075,28.860000000000007,21.540000000000003,25.858000000000004,3.4333333333333336,189.61666666666667,189.61666666666667,189.61666666666667,138.085,OFF,OFF,OFF
r6_d5,fashionmnist__cnn16k/few-shot deepseek/r6,6,"{OFF,OFF,OFF,OFF,OFF,OFF}",Single AI-Agent (Few-Shot),deepseek-r1:8b,direct_archived_behavior,agentic-paper-archive/fashionmnist__cnn16k/few-shot-deepseek/r6.csv,09f6ba3051400e2c1f6104e3af2a2e3becb25017961a111d16bf9f0f02c4dc80,5,5,5,2,0.6,0.6,ON,FashionMNIST__CNN_16k,OFF,OFF,OFF,2,,2,5,5,0.8009,145.9,81.988,54.19,115.44,28.318,13.66,49.29,0.0,0.005489376285126799,0.1940918437285812,0.07809999999999995,-223.45000000000002,30.77466666666667,6.777999999999999,0.0,0.7473,0.7566999999999999,0.7473,0.02726666666666666,54.580555555555556,78.42666666666666,81.988,4.237647058823529,28.70944444444445,37.583333333333336,28.318,0.8641176470588237,178.6875,207.19000000000003,178.6875,17.573333333333334,OFF,OFF,OFF
r6_d6,fashionmnist__cnn16k/few-shot deepseek/r6,7,"{OFF,OFF,OFF,OFF,OFF,OFF}",Single AI-Agent (Few-Shot),deepseek-r1:8b,direct_archived_behavior,agentic-paper-archive/fashionmnist__cnn16k/few-shot-deepseek/r6.csv,09f6ba3051400e2c1f6104e3af2a2e3becb25017961a111d16bf9f0f02c4dc80,5,5,5,2,0.6,0.6,ON,FashionMNIST__CNN_16k,OFF,OFF,OFF,3,,3,6,4,0.7778,167.09,105.066,77.72,137.25,39.611999999999995,13.53,67.94,0.0,0.004654976360045485,0.2370698425997965,-0.0230999999999999,21.189999999999998,23.078000000000003,11.293999999999993,0.0,0.7534,0.7671666666666667,0.7534,0.014675000000000021,65.55565217391305,102.57333333333334,105.066,4.265909090909091,31.079565217391306,50.99333333333333,39.611999999999995,0.6400000000000001,176.368,227.4466666666667,176.368,18.4775,OFF,OFF,OFF
r6_d7,fashionmnist__cnn16k/few-shot deepseek/r6,8,"{OFF,OFF,OFF,OFF,OFF,OFF}",Single AI-Agent (Few-Shot),deepseek-r1:8b,direct_archived_behavior,agentic-paper-archive/fashionmnist__cnn16k/few-shot-deepseek/r6.csv,09f6ba3051400e2c1f6104e3af2a2e3becb25017961a111d16bf9f0f02c4dc80,5,5,5,2,0.6,0.6,ON,FashionMNIST__CNN_16k,OFF,OFF,OFF,4,,4,7,3,0.8187,175.32,121.112,91.69,149.13,34.432,14.02,49.9,0.0,0.00466974674880219,0.19639516313027608,0.040899999999999936,8.22999999999999,16.045999999999992,-5.179999999999993,0.0,0.7642833333333333,0.7991333333333334,0.77332,0.019920000000000004,75.47642857142857,123.38,121.112,3.9159259259259254,31.678214285714287,39.61333333333334,34.432,0.3914814814814815,176.19333333333336,162.77,192.796,16.427999999999997,OFF,OFF,OFF
r6_d8,fashionmnist__cnn16k/few-shot deepseek/r6,9,"{OFF,OFF,OFF,OFF,OFF,OFF}",Single AI-Agent (Few-Shot),deepseek-r1:8b,direct_archived_behavior,agentic-paper-archive/fashionmnist__cnn16k/few-shot-deepseek/r6.csv,09f6ba3051400e2c1f6104e3af2a2e3becb25017961a111d16bf9f0f02c4dc80,5,5,5,2,0.6,0.6,ON,FashionMNIST__CNN_16k,OFF,OFF,OFF,5,,5,8,2,0.8166,208.38,147.18,112.31,177.61,42.064,19.17,81.23,0.0,0.003918802188309819,0.20186198291582685,-0.0020999999999999908,33.06,26.068000000000012,7.631999999999998,0.0,0.7717571428571429,0.8043666666666667,0.78736,0.016250000000000004,86.34060606060606,143.3166666666667,147.18,4.1940625,33.25181818181819,52.65,42.064,0.47250000000000003,180.79142857142855,183.59666666666666,213.208,19.2,OFF,OFF,OFF
r6_d9,fashionmnist__cnn16k/few-shot deepseek/r6,10,"{OFF,OFF,OFF,OFF,OFF,OFF}",Single AI-Agent (Few-Shot),deepseek-r1:8b,direct_archived_behavior,agentic-paper-archive/fashionmnist__cnn16k/few-shot-deepseek/r6.csv,09f6ba3051400e2c1f6104e3af2a2e3becb25017961a111d16bf9f0f02c4dc80,5,5,5,2,0.6,0.6,ON,FashionMNIST__CNN_16k,OFF,OFF,OFF,6,,6,9,1,0.8404,257.09,174.46999999999997,158.19,195.2,45.66,20.95,78.14,0.0,0.003268894161577658,0.17760317398576375,0.023800000000000043,48.70999999999998,27.289999999999964,3.5959999999999965,0.0,0.7803375,0.8252333333333333,0.81088,0.01732857142857144,97.93657894736843,175.61666666666665,174.46999999999997,4.102702702702702,34.88447368421053,56.51,45.66,0.4697297297297297,190.32874999999999,213.59666666666666,190.756,23.41571428571428,OFF,OFF,OFF
r7_d1,fashionmnist__cnn16k/few-shot deepseek/r7,2,"{OFF,OFF,OFF,OFF,OFF,OFF}",Single AI-Agent (Few-Shot),deepseek-r1:8b,direct_archived_behavior,agentic-paper-archive/fashionmnist__cnn16k/few-shot-deepseek/r7.csv,07309ea5231a40d2e51dfc175823bce963cf86dff422a5845c4937b6263efd9e,5,5,5,2,0.6,0.6,ON,FashionMNIST__CNN_16k,OFF,OFF,OFF,,,,1,9,,,,,,,,,,,,,,,,,0.6531,0.6531,0.6531,0.0,28.502,28.723333333333333,28.502,4.91,26.872000000000003,37.199999999999996,26.872000000000003,4.015000000000001,91.97,91.97,91.97,0.0,OFF,OFF,OFF
r7_d2,fashionmnist__cnn16k/few-shot deepseek/r7,3,"{OFF,OFF,OFF,OFF,OFF,OFF}",Single AI-Agent (Few-Shot),deepseek-r1:8b,direct_archived_behavior,agentic-paper-archive/fashionmnist__cnn16k/few-shot-deepseek/r7.csv,07309ea5231a40d2e51dfc175823bce963cf86dff422a5845c4937b6263efd9e,5,5,5,2,0.6,0.6,ON,FashionMNIST__CNN_16k,OFF,OFF,OFF,,,,2,8,0.6531,91.97,28.502,11.35,59.77,26.872000000000003,9.13,56.82,0.0,0.007101228661520061,0.29218223333695775,,,,,,0.6531,0.6531,0.6531,0.0,28.502,28.723333333333333,28.502,4.91,26.872000000000003,37.199999999999996,26.872000000000003,4.015000000000001,91.97,91.97,91.97,0.0,OFF,OFF,OFF
r7_d3,fashionmnist__cnn16k/few-shot deepseek/r7,4,"{OFF,OFF,OFF,OFF,OFF,OFF}",Single AI-Agent (Few-Shot),deepseek-r1:8b,direct_archived_behavior,agentic-paper-archive/fashionmnist__cnn16k/few-shot-deepseek/r7.csv,07309ea5231a40d2e51dfc175823bce963cf86dff422a5845c4937b6263efd9e,5,5,5,2,0.6,0.6,ON,FashionMNIST__CNN_16k,OFF,OFF,OFF,,,,3,7,0.7372,115.77,50.928,32.93,84.75,32.208,12.81,60.9,0.0,0.00636779822060983,0.278206789323659,0.08409999999999995,23.799999999999997,22.426,5.335999999999995,0.0,0.6951499999999999,0.6951499999999999,0.6951499999999999,0.08409999999999995,39.715,50.656666666666666,50.928,4.957777777777777,29.540000000000003,43.48333333333333,32.208,1.6422222222222222,103.87,103.87,103.87,23.799999999999997,OFF,OFF,OFF
r7_d4,fashionmnist__cnn16k/few-shot deepseek/r7,5,"{OFF,OFF,OFF,OFF,OFF,OFF}",Single AI-Agent (Few-Shot),deepseek-r1:8b,direct_archived_behavior,agentic-paper-archive/fashionmnist__cnn16k/few-shot-deepseek/r7.csv,07309ea5231a40d2e51dfc175823bce963cf86dff422a5845c4937b6263efd9e,5,5,5,2,0.6,0.6,ON,FashionMNIST__CNN_16k,OFF,OFF,OFF,,,,4,6,0.8024,131.86,68.39000000000001,47.58,100.93,24.284,12.93,39.3,0.0,0.006085241923251933,0.1841650235097831,0.06520000000000004,16.090000000000018,17.462000000000018,-7.9239999999999995,0.0,0.7309,0.7309,0.7309,0.07465,49.27333333333334,67.76,68.39000000000001,4.342857142857143,27.788000000000007,29.923333333333332,24.284,1.0564285714285715,113.2,113.2,113.2,19.945000000000007,OFF,OFF,OFF
r7_d5,fashionmnist__cnn16k/few-shot deepseek/r7,6,"{OFF,OFF,OFF,OFF,OFF,OFF}",Single AI-Agent (Few-Shot),deepseek-r1:8b,direct_archived_behavior,agentic-paper-archive/fashionmnist__cnn16k/few-shot-deepseek/r7.csv,07309ea5231a40d2e51dfc175823bce963cf86dff422a5845c4937b6263efd9e,5,5,5,2,0.6,0.6,ON,FashionMNIST__CNN_16k,OFF,OFF,OFF,,,,5,5,0.8175,145.71,88.10999999999999,69.31,119.35,32.622,12.62,71.9,0.0,0.005610459131150916,0.22388305538398187,0.015100000000000002,13.849999999999994,19.71999999999997,8.338000000000001,0.0,0.7525499999999999,0.7857,0.7525499999999999,0.054799999999999995,58.9825,87.45333333333333,88.10999999999999,4.169473684210526,28.996500000000005,41.17333333333333,32.622,0.5452631578947367,121.32750000000001,131.11333333333334,121.32750000000001,17.913333333333338,OFF,OFF,OFF
r7_d6,fashionmnist__cnn16k/few-shot deepseek/r7,7,"{OFF,OFF,OFF,OFF,OFF,OFF}",Single AI-Agent (Few-Shot),deepseek-r1:8b,direct_archived_behavior,agentic-paper-archive/fashionmnist__cnn16k/few-shot-deepseek/r7.csv,07309ea5231a40d2e51dfc175823bce963cf86dff422a5845c4937b6263efd9e,5,5,5,2,0.6,0.6,ON,FashionMNIST__CNN_16k,OFF,OFF,OFF,,,,6,4,0.7956,164.13,105.84400000000001,85.66,135.27,29.744,12.5,43.91,0.0,0.004847377079144581,0.18122220191311766,-0.02190000000000003,18.419999999999987,17.734000000000023,-2.878,0.0,0.76116,0.8051666666666666,0.76116,0.03562499999999999,68.3548,104.34666666666665,105.84400000000001,3.9641666666666673,29.146,36.29333333333333,29.744,0.5325,129.888,147.23333333333335,129.888,18.04,OFF,OFF,OFF
r7_d7,fashionmnist__cnn16k/few-shot deepseek/r7,8,"{OFF,OFF,OFF,OFF,OFF,OFF}",Single AI-Agent (Few-Shot),deepseek-r1:8b,direct_archived_behavior,agentic-paper-archive/fashionmnist__cnn16k/few-shot-deepseek/r7.csv,07309ea5231a40d2e51dfc175823bce963cf86dff422a5845c4937b6263efd9e,5,5,5,2,0.6,0.6,ON,FashionMNIST__CNN_16k,OFF,OFF,OFF,,,,7,3,0.8137,178.41,126.13,99.54,154.03,30.01,12.42,51.26,0.0,0.004560843002073875,0.16820806008631806,0.018100000000000005,14.280000000000001,20.285999999999987,0.2660000000000018,0.0,0.7699166666666666,0.8089333333333334,0.79328,0.032119999999999996,77.984,122.00999999999999,126.13,3.927586206896552,29.29,36.49666666666666,30.01,0.279655172413793,137.975,162.75,147.176,17.288,OFF,OFF,OFF
r7_d8,fashionmnist__cnn16k/few-shot deepseek/r7,9,"{ON,OFF,ON,OFF,OFF,OFF}",Single AI-Agent (Few-Shot),deepseek-r1:8b,direct_archived_behavior,agentic-paper-archive/fashionmnist__cnn16k/few-shot-deepseek/r7.csv,07309ea5231a40d2e51dfc175823bce963cf86dff422a5845c4937b6263efd9e,5,5,5,2,0.6,0.6,ON,FashionMNIST__CNN_16k,OFF,OFF,OFF,,,,8,2,0.8314,226.68,141.22,120.53,166.48,46.868,12.5,76.6,0.0,0.003667725427916005,0.20675842597494265,0.01770000000000005,48.27000000000001,15.090000000000003,16.858,0.0,0.7787,0.8135666666666667,0.81212,0.02971666666666667,87.01771428571428,139.6966666666667,141.22,3.5747058823529407,31.801142857142857,60.23,46.868,0.5035294117647058,150.64714285714285,189.74,169.358,22.451666666666668,ON,ON,OFF
r7_d9,fashionmnist__cnn16k/few-shot deepseek/r7,10,"{OFF,OFF,OFF,OFF,OFF,OFF}",Single AI-Agent (Few-Shot),deepseek-r1:8b,direct_archived_behavior,agentic-paper-archive/fashionmnist__cnn16k/few-shot-deepseek/r7.csv,07309ea5231a40d2e51dfc175823bce963cf86dff422a5845c4937b6263efd9e,5,5,5,2,0.6,0.6,ON,FashionMNIST__CNN_16k,ON,ON,OFF,0,0,,9,1,0.8283,231.16,156.724,145.67,171.7,42.606,27.87,79.98,0.0,0.0035832323931476034,0.18431389513756707,-0.0030999999999999917,4.47999999999999,15.50399999999999,-4.2620000000000005,0.0,0.7848999999999999,0.8244666666666666,0.8173,0.02502857142857143,95.731,158.88,156.724,3.3735897435897435,33.15175,49.330000000000005,42.606,0.5582051282051281,160.71125,212.08333333333334,189.21800000000002,19.884285714285713,OFF,OFF,OFF
r8_d1,fashionmnist__cnn16k/few-shot deepseek/r8,2,"{OFF,OFF,OFF,OFF,OFF,OFF}",Single AI-Agent (Few-Shot),deepseek-r1:8b,direct_archived_behavior,agentic-paper-archive/fashionmnist__cnn16k/few-shot-deepseek/r8.csv,944cae1584c8224ab529db3b8e5c4c9f04170132acd540b16fc15b78ef60b441,5,5,5,2,0.6,0.6,ON,FashionMNIST__CNN_16k,OFF,OFF,OFF,,,,1,9,,,,,,,,,,,,,,,,,0.7357,0.7357,0.7357,0.0,30.742,31.50333333333333,30.742,4.76,24.951999999999998,33.45666666666667,24.951999999999998,3.95,92.95,92.95,92.95,0.0,OFF,OFF,OFF
r8_d2,fashionmnist__cnn16k/few-shot deepseek/r8,3,"{OFF,OFF,OFF,OFF,OFF,OFF}",Single AI-Agent (Few-Shot),deepseek-r1:8b,direct_archived_behavior,agentic-paper-archive/fashionmnist__cnn16k/few-shot-deepseek/r8.csv,944cae1584c8224ab529db3b8e5c4c9f04170132acd540b16fc15b78ef60b441,5,5,5,2,0.6,0.6,ON,FashionMNIST__CNN_16k,OFF,OFF,OFF,,,,2,8,0.7357,92.95,30.742,15.81,61.15,24.951999999999998,10.98,42.37,0.0,0.007915008068854222,0.26844540075309303,,,,,,0.7357,0.7357,0.7357,0.0,30.742,31.50333333333333,30.742,4.76,24.951999999999998,33.45666666666667,24.951999999999998,3.95,92.95,92.95,92.95,0.0,OFF,OFF,OFF
r8_d3,fashionmnist__cnn16k/few-shot deepseek/r8,4,"{OFF,OFF,OFF,OFF,OFF,OFF}",Single AI-Agent (Few-Shot),deepseek-r1:8b,direct_archived_behavior,agentic-paper-archive/fashionmnist__cnn16k/few-shot-deepseek/r8.csv,944cae1584c8224ab529db3b8e5c4c9f04170132acd540b16fc15b78ef60b441,5,5,5,2,0.6,0.6,ON,FashionMNIST__CNN_16k,OFF,OFF,OFF,,,,3,7,0.775,112.49,50.128,31.9,81.1,31.520000000000003,13.5,61.96,0.0,0.006889501289003467,0.28020268468308296,0.0393,19.539999999999992,19.386,6.568000000000005,0.0,0.75535,0.75535,0.75535,0.0393,40.435,50.06666666666666,50.128,4.332222222222222,28.235999999999997,43.153333333333336,31.520000000000003,1.71,102.72,102.72,102.72,19.539999999999992,OFF,OFF,OFF
r8_d4,fashionmnist__cnn16k/few-shot deepseek/r8,5,"{OFF,OFF,OFF,OFF,OFF,OFF}",Single AI-Agent (Few-Shot),deepseek-r1:8b,direct_archived_behavior,agentic-paper-archive/fashionmnist__cnn16k/few-shot-deepseek/r8.csv,944cae1584c8224ab529db3b8e5c4c9f04170132acd540b16fc15b78ef60b441,5,5,5,2,0.6,0.6,ON,FashionMNIST__CNN_16k,OFF,OFF,OFF,,,,4,6,0.7856,128.02,71.936,55.58,100.06,23.721999999999998,13.51,37.48,0.0,0.006136541165442899,0.1852991720043743,0.010599999999999943,15.530000000000015,21.808000000000007,-7.798000000000005,0.0,0.7654333333333333,0.7654333333333333,0.7654333333333333,0.024949999999999972,50.93533333333335,72.58,71.936,4.139285714285714,26.731333333333332,28.703333333333333,23.721999999999998,0.8557142857142858,111.15333333333335,111.15333333333335,111.15333333333335,17.535000000000004,OFF,OFF,OFF
r8_d5,fashionmnist__cnn16k/few-shot deepseek/r8,6,"{OFF,OFF,OFF,OFF,OFF,OFF}",Single AI-Agent (Few-Shot),deepseek-r1:8b,direct_archived_behavior,agentic-paper-archive/fashionmnist__cnn16k/few-shot-deepseek/r8.csv,944cae1584c8224ab529db3b8e5c4c9f04170132acd540b16fc15b78ef60b441,5,5,5,2,0.6,0.6,ON,FashionMNIST__CNN_16k,OFF,OFF,OFF,,,,5,5,0.7994,149.98,86.18199999999999,66.84,118.9,32.396,13.7,55.96,0.0,0.00533004400586745,0.21600213361781573,0.013800000000000034,21.95999999999998,14.245999999999981,8.674000000000003,0.0,0.773925,0.7866666666666666,0.773925,0.021233333333333326,59.747000000000014,86.44666666666667,86.18199999999999,4.041578947368421,28.147499999999997,41.26333333333333,32.396,0.7942105263157895,120.86000000000001,130.16333333333333,120.86000000000001,19.009999999999994,OFF,OFF,OFF
r8_d6,fashionmnist__cnn16k/few-shot deepseek/r8,7,"{OFF,OFF,OFF,OFF,OFF,OFF}",Single AI-Agent (Few-Shot),deepseek-r1:8b,direct_archived_behavior,agentic-paper-archive/fashionmnist__cnn16k/few-shot-deepseek/r8.csv,944cae1584c8224ab529db3b8e5c4c9f04170132acd540b16fc15b78ef60b441,5,5,5,2,0.6,0.6,ON,FashionMNIST__CNN_16k,OFF,OFF,OFF,,,,6,4,0.7557,178.12,114.81199999999998,84.95,147.57,38.43,14.24,66.79,0.0,0.004242645407590388,0.21575342465753425,-0.04369999999999996,28.140000000000015,28.629999999999995,6.033999999999999,0.0,0.77028,0.7802333333333333,0.77028,0.0050000000000000044,70.76,112.81333333333333,114.81199999999998,4.394166666666666,30.203999999999997,49.38666666666666,38.43,0.6079166666666667,132.312,152.04,132.312,21.2925,OFF,OFF,OFF
r8_d7,fashionmnist__cnn16k/few-shot deepseek/r8,8,"{OFF,OFF,OFF,OFF,OFF,OFF}",Single AI-Agent (Few-Shot),deepseek-r1:8b,direct_archived_behavior,agentic-paper-archive/fashionmnist__cnn16k/few-shot-deepseek/r8.csv,944cae1584c8224ab529db3b8e5c4c9f04170132acd540b16fc15b78ef60b441,5,5,5,2,0.6,0.6,ON,FashionMNIST__CNN_16k,OFF,OFF,OFF,,,,7,3,0.8126,198.2,132.73,107.05,166.95,42.9,13.84,77.44,0.0,0.0040998990918264385,0.21644803229061554,0.05689999999999995,20.079999999999984,17.918000000000006,4.469999999999999,0.0,0.7773333333333333,0.7892333333333333,0.78566,0.015379999999999994,81.08833333333334,134.31666666666666,132.73,4.304827586206896,32.32,53.75333333333333,42.9,0.526896551724138,143.29333333333332,175.4333333333333,153.362,21.049999999999997,OFF,OFF,OFF
r8_d8,fashionmnist__cnn16k/few-shot deepseek/r8,9,"{OFF,OFF,OFF,OFF,OFF,OFF}",Single AI-Agent (Few-Shot),deepseek-r1:8b,direct_archived_behavior,agentic-paper-archive/fashionmnist__cnn16k/few-shot-deepseek/r8.csv,944cae1584c8224ab529db3b8e5c4c9f04170132acd540b16fc15b78ef60b441,5,5,5,2,0.6,0.6,ON,FashionMNIST__CNN_16k,OFF,OFF,OFF,,,,8,2,0.8038,215.68,144.976,124.65,170.88,41.856,14.03,76.18,0.0,0.003726817507418397,0.1940652818991098,-0.00880000000000003,17.480000000000018,12.24600000000001,-1.043999999999997,0.0,0.7811142857142856,0.7907000000000001,0.7914199999999999,0.01134999999999999,90.21514285714287,141.1966666666667,144.976,3.78735294117647,33.68228571428572,51.916666666666664,41.856,0.44382352941176473,153.6342857142857,197.33333333333334,174.0,20.455000000000002,OFF,OFF,OFF
r8_d9,fashionmnist__cnn16k/few-shot deepseek/r8,10,"{OFF,OFF,OFF,OFF,OFF,OFF}",Single AI-Agent (Few-Shot),deepseek-r1:8b,direct_archived_behavior,agentic-paper-archive/fashionmnist__cnn16k/few-shot-deepseek/r8.csv,944cae1584c8224ab529db3b8e5c4c9f04170132acd540b16fc15b78ef60b441,5,5,5,2,0.6,0.6,ON,FashionMNIST__CNN_16k,OFF,OFF,OFF,,,,9,1,0.8325,229.26,161.592,148.06,179.92,44.989999999999995,28.9,69.11,0.0,0.0036312483643025388,0.19624007676873417,0.02870000000000006,13.579999999999984,16.616000000000014,3.1339999999999932,0.0,0.7875375,0.8163,0.8008,0.013828571428571428,99.13725,163.49666666666667,161.592,3.5335897435897436,35.09575,52.449999999999996,44.989999999999995,0.42051282051282046,163.0875,214.38,194.248,19.472857142857144,OFF,OFF,OFF
r9_d1,fashionmnist__cnn16k/few-shot deepseek/r9,2,"{OFF,OFF,OFF,OFF,OFF,OFF}",Single AI-Agent (Few-Shot),deepseek-r1:8b,direct_archived_behavior,agentic-paper-archive/fashionmnist__cnn16k/few-shot-deepseek/r9.csv,307026329f0303b81b7043a2fc264cc9b76b60335077665e3480b56dcd785104,5,5,5,2,0.6,0.6,ON,FashionMNIST__CNN_16k,OFF,OFF,OFF,,,,1,9,,,,,,,,,,,,,,,,,0.6768,0.6768,0.6768,0.0,30.297999999999995,30.916666666666668,30.297999999999995,5.052499999999998,24.36,32.74,24.36,3.4375000000000004,91.26,91.26,91.26,0.0,OFF,OFF,OFF
r9_d2,fashionmnist__cnn16k/few-shot deepseek/r9,3,"{OFF,OFF,OFF,OFF,OFF,OFF}",Single AI-Agent (Few-Shot),deepseek-r1:8b,direct_archived_behavior,agentic-paper-archive/fashionmnist__cnn16k/few-shot-deepseek/r9.csv,307026329f0303b81b7043a2fc264cc9b76b60335077665e3480b56dcd785104,5,5,5,2,0.6,0.6,ON,FashionMNIST__CNN_16k,OFF,OFF,OFF,,,,2,8,0.6768,91.26,30.297999999999995,13.37,61.23,24.36,10.16,47.29,0.0,0.007416173570019723,0.2669296515450361,,,,,,0.6768,0.6768,0.6768,0.0,30.297999999999995,30.916666666666668,30.297999999999995,5.052499999999998,24.36,32.74,24.36,3.4375000000000004,91.26,91.26,91.26,0.0,OFF,OFF,OFF
r9_d3,fashionmnist__cnn16k/few-shot deepseek/r9,4,"{OFF,OFF,OFF,OFF,OFF,OFF}",Single AI-Agent (Few-Shot),deepseek-r1:8b,direct_archived_behavior,agentic-paper-archive/fashionmnist__cnn16k/few-shot-deepseek/r9.csv,307026329f0303b81b7043a2fc264cc9b76b60335077665e3480b56dcd785104,5,5,5,2,0.6,0.6,ON,FashionMNIST__CNN_16k,OFF,OFF,OFF,,,,3,7,0.7838,110.72,49.094,31.65,79.43,30.794,13.43,53.68,0.0,0.007079118497109827,0.278125,0.1070000000000001,19.459999999999994,18.796000000000006,6.434000000000001,0.0,0.7303,0.7303,0.7303,0.1070000000000001,39.696,49.53666666666667,49.094,4.267777777777778,27.576999999999998,41.553333333333335,30.794,1.6866666666666668,100.99000000000001,100.99000000000001,100.99000000000001,19.459999999999994,OFF,OFF,OFF
r9_d4,fashionmnist__cnn16k/few-shot deepseek/r9,5,"{ON,OFF,OFF,OFF,OFF,OFF}",Single AI-Agent (Few-Shot),deepseek-r1:8b,direct_archived_behavior,agentic-paper-archive/fashionmnist__cnn16k/few-shot-deepseek/r9.csv,307026329f0303b81b7043a2fc264cc9b76b60335077665e3480b56dcd785104,5,5,5,2,0.6,0.6,ON,FashionMNIST__CNN_16k,OFF,OFF,OFF,,,,4,6,0.7816,133.83,71.728,49.62,102.62,27.458,13.81,46.76,0.0,0.0058402450870507355,0.20517073899723526,-0.0022000000000000908,23.110000000000014,22.633999999999993,-3.336000000000002,0.0,0.7474,0.7474,0.7474,0.0524,50.373333333333335,69.02666666666667,71.728,4.4,27.53733333333333,35.296666666666674,27.458,1.0921428571428573,111.93666666666668,111.93666666666668,111.93666666666668,21.285000000000004,ON,OFF,OFF
r9_d5,fashionmnist__cnn16k/few-shot deepseek/r9,6,"{OFF,OFF,OFF,OFF,OFF,OFF}",Single AI-Agent (Few-Shot),deepseek-r1:8b,direct_archived_behavior,agentic-paper-archive/fashionmnist__cnn16k/few-shot-deepseek/r9.csv,307026329f0303b81b7043a2fc264cc9b76b60335077665e3480b56dcd785104,5,5,5,2,0.6,0.6,ON,FashionMNIST__CNN_16k,ON,OFF,OFF,0,,,5,5,0.8161,153.45,88.978,67.26,120.74,34.07000000000001,12.9,65.56,0.0,0.005318344737699577,0.2220267188009124,0.034500000000000086,19.619999999999976,17.25,6.612000000000009,0.0,0.764575,0.7938333333333333,0.764575,0.04643333333333336,60.0245,86.37,88.978,4.1957894736842105,29.170499999999997,45.45333333333334,34.07000000000001,0.8694736842105265,122.31500000000001,132.66666666666666,122.31500000000001,20.729999999999993,OFF,OFF,OFF
r9_d6,fashionmnist__cnn16k/few-shot deepseek/r9,7,"{ON,OFF,OFF,OFF,OFF,OFF}",Single AI-Agent (Few-Shot),deepseek-r1:8b,direct_archived_behavior,agentic-paper-archive/fashionmnist__cnn16k/few-shot-deepseek/r9.csv,307026329f0303b81b7043a2fc264cc9b76b60335077665e3480b56dcd785104,5,5,5,2,0.6,0.6,ON,FashionMNIST__CNN_16k,OFF,OFF,OFF,1,,,6,4,0.812,161.23,103.68599999999999,80.21,134.14,35.116,13.01,61.23,0.0,0.005036283570055202,0.21780065744588478,-0.0040999999999999925,7.780000000000001,14.707999999999998,1.0459999999999923,0.0,0.7740600000000001,0.8032333333333334,0.7740600000000001,0.033800000000000024,68.7568,100.72333333333331,103.68599999999999,3.879999999999999,30.3596,45.696666666666665,35.116,0.4658333333333334,130.098,149.50333333333333,130.098,17.492499999999996,ON,OFF,OFF
r9_d7,fashionmnist__cnn16k/few-shot deepseek/r9,8,"{OFF,OFF,OFF,OFF,OFF,OFF}",Single AI-Agent (Few-Shot),deepseek-r1:8b,direct_archived_behavior,agentic-paper-archive/fashionmnist__cnn16k/few-shot-deepseek/r9.csv,307026329f0303b81b7043a2fc264cc9b76b60335077665e3480b56dcd785104,5,5,5,2,0.6,0.6,ON,FashionMNIST__CNN_16k,ON,OFF,OFF,0,,,7,3,0.822,196.87,129.08800000000002,106.03,162.65,36.477999999999994,13.7,60.02,0.0,0.004175344135724081,0.18528978513740027,0.009999999999999898,35.640000000000015,25.40200000000003,1.3619999999999948,0.0,0.78205,0.8167,0.8031,0.02904,78.812,127.78333333333335,129.08800000000002,4.194137931034483,31.37933333333333,45.80333333333334,36.477999999999994,0.6272413793103447,141.22666666666666,170.51666666666665,151.22,21.122,OFF,OFF,OFF
r9_d8,fashionmnist__cnn16k/few-shot deepseek/r9,9,"{ON,OFF,OFF,OFF,OFF,OFF}",Single AI-Agent (Few-Shot),deepseek-r1:8b,direct_archived_behavior,agentic-paper-archive/fashionmnist__cnn16k/few-shot-deepseek/r9.csv,307026329f0303b81b7043a2fc264cc9b76b60335077665e3480b56dcd785104,5,5,5,2,0.6,0.6,ON,FashionMNIST__CNN_16k,OFF,OFF,OFF,1,,,8,2,0.8187,219.07,144.18599999999998,124.37,169.11,43.89399999999999,18.07,80.71,0.0,0.003737161637832656,0.20036518007942664,-0.0032999999999999696,22.19999999999999,15.097999999999956,7.415999999999997,0.0,0.7872857142857143,0.8175666666666667,0.8100799999999999,0.023650000000000004,88.15114285714286,141.01000000000002,144.18599999999998,3.767352941176471,33.16714285714286,56.18,43.89399999999999,0.3941176470588235,152.34714285714287,192.39000000000001,172.89000000000001,21.301666666666666,ON,OFF,OFF
r9_d9,fashionmnist__cnn16k/few-shot deepseek/r9,10,"{OFF,OFF,OFF,OFF,OFF,OFF}",Single AI-Agent (Few-Shot),deepseek-r1:8b,direct_archived_behavior,agentic-paper-archive/fashionmnist__cnn16k/few-shot-deepseek/r9.csv,307026329f0303b81b7043a2fc264cc9b76b60335077665e3480b56dcd785104,5,5,5,2,0.6,0.6,ON,FashionMNIST__CNN_16k,ON,OFF,OFF,0,,,9,1,0.8185,209.93,160.2,144.97,175.94,34.45399999999999,22.5,44.27,0.0,0.0038989186871814414,0.1641213737912637,-0.00019999999999997797,-9.139999999999986,16.01400000000001,-9.439999999999998,0.0,0.7911875,0.8197333333333333,0.81746,0.02024285714285715,97.15725,158.2433333333333,160.2,3.459487179487179,33.328,39.666666666666664,34.45399999999999,0.45897435897435895,159.54500000000002,208.62333333333333,188.10999999999999,16.952857142857145,OFF,OFF,OFF
r10_d1,fashionmnist__cnn16k/few-shot deepseek/r10,2,"{OFF,OFF,OFF,OFF,OFF,OFF}",Single AI-Agent (Few-Shot),deepseek-r1:8b,direct_archived_behavior,agentic-paper-archive/fashionmnist__cnn16k/few-shot-deepseek/r10.csv,70c444d837ad181ab1961e10c7a5eb01ab63150fba74a0d1490867bd907a49c7,5,5,5,2,0.6,0.6,ON,FashionMNIST__CNN_16k,OFF,OFF,OFF,,,,1,9,,,,,,,,,,,,,,,,,0.7338,0.7338,0.7338,0.0,29.394,29.796666666666667,29.394,3.9700000000000006,24.854,33.12333333333333,24.854,3.1024999999999996,85.29,85.29,85.29,0.0,OFF,OFF,OFF
r10_d2,fashionmnist__cnn16k/few-shot deepseek/r10,3,"{OFF,OFF,OFF,OFF,OFF,OFF}",Single AI-Agent (Few-Shot),deepseek-r1:8b,direct_archived_behavior,agentic-paper-archive/fashionmnist__cnn16k/few-shot-deepseek/r10.csv,70c444d837ad181ab1961e10c7a5eb01ab63150fba74a0d1490867bd907a49c7,5,5,5,2,0.6,0.6,ON,FashionMNIST__CNN_16k,OFF,OFF,OFF,,,,2,8,0.7338,85.29,29.394,15.77,57.1,24.854,11.82,54.87,0.0,0.008603587759409075,0.2914057920037519,,,,,,0.7338,0.7338,0.7338,0.0,29.394,29.796666666666667,29.394,3.9700000000000006,24.854,33.12333333333333,24.854,3.1024999999999996,85.29,85.29,85.29,0.0,OFF,OFF,OFF
r10_d3,fashionmnist__cnn16k/few-shot deepseek/r10,4,"{OFF,OFF,OFF,OFF,OFF,OFF}",Single AI-Agent (Few-Shot),deepseek-r1:8b,direct_archived_behavior,agentic-paper-archive/fashionmnist__cnn16k/few-shot-deepseek/r10.csv,70c444d837ad181ab1961e10c7a5eb01ab63150fba74a0d1490867bd907a49c7,5,5,5,2,0.6,0.6,ON,FashionMNIST__CNN_16k,OFF,OFF,OFF,,,,3,7,0.7588,117.01,53.553999999999995,36.6,84.53,30.73,13.1,57.09,0.0,0.006484915819160756,0.26262712588667636,0.025000000000000022,31.72,24.159999999999997,5.876000000000001,0.0,0.7463,0.7463,0.7463,0.025000000000000022,41.474000000000004,54.656666666666666,53.553999999999995,4.812222222222222,27.792,40.943333333333335,30.73,1.8555555555555558,101.15,101.15,101.15,31.72,OFF,OFF,OFF
r10_d4,fashionmnist__cnn16k/few-shot deepseek/r10,5,"{OFF,OFF,OFF,OFF,OFF,OFF}",Single AI-Agent (Few-Shot),deepseek-r1:8b,direct_archived_behavior,agentic-paper-archive/fashionmnist__cnn16k/few-shot-deepseek/r10.csv,70c444d837ad181ab1961e10c7a5eb01ab63150fba74a0d1490867bd907a49c7,5,5,5,2,0.6,0.6,ON,FashionMNIST__CNN_16k,OFF,OFF,OFF,,,,4,6,0.7934,132.44,68.95,52.67,100.19,39.978,13.12,72.77,0.0,0.005990637269707037,0.3018574448807007,0.034599999999999964,15.429999999999993,15.396000000000008,9.248000000000001,0.0,0.762,0.762,0.762,0.029799999999999993,50.632666666666665,69.36,68.95,4.212142857142857,31.854,54.86333333333334,39.978,1.187857142857143,111.58,111.58,111.58,23.574999999999996,OFF,OFF,OFF
r10_d5,fashionmnist__cnn16k/few-shot deepseek/r10,6,"{OFF,OFF,OFF,OFF,OFF,OFF}",Single AI-Agent (Few-Shot),deepseek-r1:8b,direct_archived_behavior,agentic-paper-archive/fashionmnist__cnn16k/few-shot-deepseek/r10.csv,70c444d837ad181ab1961e10c7a5eb01ab63150fba74a0d1490867bd907a49c7,5,5,5,2,0.6,0.6,ON,FashionMNIST__CNN_16k,OFF,OFF,OFF,,,,5,5,0.8015,162.38,91.832,72.79,124.05,40.153999999999996,14.3,73.55,0.0,0.004935952703534918,0.24728414829412487,0.008099999999999996,29.939999999999998,22.88199999999999,0.17599999999999483,0.0,0.771875,0.7845666666666666,0.771875,0.022566666666666662,60.93249999999999,92.11333333333333,91.832,4.359473684210526,33.928999999999995,53.53333333333333,40.153999999999996,0.7852631578947369,124.28,137.27666666666667,124.28,25.696666666666662,OFF,OFF,OFF
r10_d6,fashionmnist__cnn16k/few-shot deepseek/r10,7,"{OFF,OFF,OFF,OFF,OFF,OFF}",Single AI-Agent (Few-Shot),deepseek-r1:8b,direct_archived_behavior,agentic-paper-archive/fashionmnist__cnn16k/few-shot-deepseek/r10.csv,70c444d837ad181ab1961e10c7a5eb01ab63150fba74a0d1490867bd907a49c7,5,5,5,2,0.6,0.6,ON,FashionMNIST__CNN_16k,OFF,OFF,OFF,,,,6,4,0.8283,174.86,111.74600000000001,87.85,145.56,30.054000000000002,12.83,42.57,0.0,0.0047369324030653095,0.1718746425711998,0.026800000000000046,12.480000000000018,19.914000000000016,-10.099999999999994,0.0,0.78316,0.8077333333333333,0.78316,0.023625000000000007,71.09519999999999,112.29333333333334,111.74600000000001,4.3475,33.154,34.81333333333333,30.054000000000002,0.5716666666666667,134.39600000000002,156.56,134.39600000000002,22.392500000000002,OFF,OFF,OFF
r10_d7,fashionmnist__cnn16k/few-shot deepseek/r10,8,"{OFF,OFF,OFF,OFF,OFF,OFF}",Single AI-Agent (Few-Shot),deepseek-r1:8b,direct_archived_behavior,agentic-paper-archive/fashionmnist__cnn16k/few-shot-deepseek/r10.csv,70c444d837ad181ab1961e10c7a5eb01ab63150fba74a0d1490867bd907a49c7,5,5,5,2,0.6,0.6,ON,FashionMNIST__CNN_16k,OFF,OFF,OFF,,,,7,3,0.8266,182.73,122.85,101.36,153.55,33.388,12.71,64.07,0.0,0.00452361407541181,0.18271767088053412,-0.0017000000000000348,7.869999999999976,11.103999999999985,3.333999999999996,0.0,0.7904,0.8188,0.8017199999999999,0.01856,79.721,122.11666666666667,122.85,3.8734482758620694,33.193000000000005,40.053333333333335,33.388,0.46586206896551724,142.45166666666668,173.32333333333335,153.88400000000001,19.487999999999996,OFF,OFF,OFF
r10_d8,fashionmnist__cnn16k/few-shot deepseek/r10,9,"{OFF,OFF,OFF,OFF,OFF,OFF}",Single AI-Agent (Few-Shot),deepseek-r1:8b,direct_archived_behavior,agentic-paper-archive/fashionmnist__cnn16k/few-shot-deepseek/r10.csv,70c444d837ad181ab1961e10c7a5eb01ab63150fba74a0d1490867bd907a49c7,5,5,5,2,0.6,0.6,ON,FashionMNIST__CNN_16k,OFF,OFF,OFF,,,,8,2,0.8159,220.2,146.302,126.0,177.2,41.938,13.55,77.7,0.0,0.0037052679382379656,0.19045413260672117,-0.010700000000000043,37.47,23.451999999999998,8.550000000000004,0.0,0.7940428571428572,0.8236,0.81314,0.013683333333333325,89.23257142857143,145.73666666666665,146.302,3.999411764705882,34.44228571428571,52.466666666666676,41.938,0.30970588235294116,153.55857142857144,192.59666666666666,174.522,22.484999999999996,OFF,OFF,OFF
r10_d9,fashionmnist__cnn16k/few-shot deepseek/r10,10,"{OFF,OFF,OFF,OFF,OFF,OFF}",Single AI-Agent (Few-Shot),deepseek-r1:8b,direct_archived_behavior,agentic-paper-archive/fashionmnist__cnn16k/few-shot-deepseek/r10.csv,70c444d837ad181ab1961e10c7a5eb01ab63150fba74a0d1490867bd907a49c7,5,5,5,2,0.6,0.6,ON,FashionMNIST__CNN_16k,OFF,OFF,OFF,,,,9,1,0.8363,241.03,159.902,147.06,177.72,43.906,24.08,89.46,0.0,0.003469692569389703,0.1821598971082438,0.020400000000000085,20.830000000000013,13.599999999999994,1.9679999999999964,0.0,0.7993250000000001,0.8262666666666667,0.82172,0.014642857142857148,98.06625000000001,159.3033333333333,159.902,3.5,35.62524999999999,54.129999999999995,43.906,0.4048717948717949,164.4925,214.6533333333333,196.24,22.24857142857143,OFF,OFF,OFF
